{
	"credit": "Made with Blockbench",
	"texture_size": [64, 64],
	"textures": {
		"0": "custom/gui/menu",
		"particle": "custom/gui/menu"
	},
	"elements": [
		{
			"from": [-14, -16, -16],
			"to": [30, 28, -16],
			"faces": {
				"north": {"uv": [0, 0, 11, 11], "texture": "#0"},
				"east": {"uv": [0, 0, 0, 2.75], "texture": "#0"},
				"south": {"uv": [0, 0, 11, 11], "texture": "#0"},
				"west": {"uv": [0, 0, 0, 2.75], "texture": "#0"},
				"up": {"uv": [0, 0, 2.75, 0], "texture": "#0"},
				"down": {"uv": [0, 0, 2.75, 0], "texture": "#0"}
			}
		}
	],
	"gui_light": "front",
	"display": {
		"gui": {
			"translation": [72, -64, 0],
			"scale": [4, 4, 0]
		}
	}
}