{
	"credit": "Made with Blockbench",
	"texture_size": [64, 64],
	"textures": {
		"0": "custom/vanity/cat_hat/mewsubi",
		"particle": "custom/vanity/cat_hat/mewsubi"
	},
	"elements": [
		{
			"name": "head",
			"from": [4, 0, -6],
			"to": [12, 6, 1],
			"rotation": {"angle": 0, "axis": "y", "origin": [13, 8, 2]},
			"faces": {
				"north": {"uv": [0, 0, 2, 1.5], "texture": "#0"},
				"east": {"uv": [2, 1.5, 3.75, 3], "texture": "#0"},
				"south": {"uv": [0, 1.5, 2, 3], "texture": "#0"},
				"west": {"uv": [2, 0, 3.75, 1.5], "texture": "#0"},
				"up": {"uv": [3.75, 0, 5.75, 1.75], "texture": "#0"},
				"down": {"uv": [3.75, 1.75, 5.75, 3.5], "texture": "#0"}
			}
		},
		{
			"name": "body",
			"from": [3, -1, 1],
			"to": [13, 7, 15],
			"rotation": {"angle": 0, "axis": "y", "origin": [6, 8, 9]},
			"faces": {
				"north": {"uv": [5.75, 0, 8.25, 2], "texture": "#0"},
				"east": {"uv": [8.25, 2, 11.75, 4], "texture": "#0"},
				"south": {"uv": [5.75, 2, 8.25, 4], "texture": "#0"},
				"west": {"uv": [8.25, 0, 11.75, 2], "texture": "#0"},
				"up": {"uv": [11.75, 0, 14.25, 3.5], "texture": "#0"},
				"down": {"uv": [11.75, 3.5, 14.25, 7], "texture": "#0"}
			}
		},
		{
			"from": [9, 6, -3],
			"to": [12, 8, -1],
			"rotation": {"angle": 0, "axis": "y", "origin": [19, 14, 5]},
			"faces": {
				"north": {"uv": [0, 3, 0.75, 3.5], "texture": "#0"},
				"east": {"uv": [0.75, 3.5, 1.25, 4], "texture": "#0"},
				"south": {"uv": [0, 3.5, 0.75, 4], "texture": "#0"},
				"west": {"uv": [0.75, 3, 1.25, 3.5], "texture": "#0"},
				"up": {"uv": [1.5, 3, 2.25, 3.5], "texture": "#0"},
				"down": {"uv": [1, 3, 1.75, 3.5], "texture": "#0"}
			}
		},
		{
			"from": [10, 8, -3],
			"to": [12, 10, -2],
			"rotation": {"angle": 0, "axis": "y", "origin": [19, 16, 5]},
			"faces": {
				"north": {"uv": [2.25, 3, 2.75, 3.5], "texture": "#0"},
				"east": {"uv": [3.5, 3, 3.75, 3.5], "texture": "#0"},
				"south": {"uv": [2.25, 3.75, 2.75, 4.25], "texture": "#0"},
				"west": {"uv": [3, 3, 3.25, 3.5], "texture": "#0"},
				"up": {"uv": [3, 3.5, 3.5, 3.75], "texture": "#0"},
				"down": {"uv": [3.75, 3.5, 4.25, 3.75], "texture": "#0"}
			}
		},
		{
			"from": [5, 8, -3],
			"to": [6, 9, -2],
			"rotation": {"angle": 0, "axis": "y", "origin": [13, 16, 5]},
			"faces": {
				"north": {"uv": [2.75, 3.25, 2.5, 3.5], "texture": "#0"},
				"east": {"uv": [3.5, 3, 3.75, 3.5], "texture": "#0"},
				"south": {"uv": [2.25, 3.75, 2.75, 4.25], "texture": "#0"},
				"west": {"uv": [3, 3, 3.25, 3.5], "texture": "#0"},
				"up": {"uv": [3, 3.5, 3.5, 3.75], "texture": "#0"},
				"down": {"uv": [3.75, 3.5, 4.25, 3.75], "texture": "#0"}
			}
		},
		{
			"from": [4, 6, -3],
			"to": [7, 8, -1],
			"rotation": {"angle": 0, "axis": "y", "origin": [14, 14, 5]},
			"faces": {
				"north": {"uv": [0.75, 3, 0, 3.5], "texture": "#0"},
				"east": {"uv": [0.75, 3.5, 1.25, 4], "texture": "#0"},
				"south": {"uv": [0, 3.5, 0.75, 4], "texture": "#0"},
				"west": {"uv": [0.75, 3, 1.25, 3.5], "texture": "#0"},
				"up": {"uv": [1.5, 3, 2.25, 3.5], "texture": "#0"},
				"down": {"uv": [1, 3, 1.75, 3.5], "texture": "#0"}
			}
		},
		{
			"from": [9, 6, -3],
			"to": [12, 8, -1],
			"rotation": {"angle": 0, "axis": "y", "origin": [19, 14, 5]},
			"faces": {
				"north": {"uv": [0.75, 3, 0, 3.5], "texture": "#0"},
				"east": {"uv": [0.75, 3.5, 1.25, 4], "texture": "#0"},
				"south": {"uv": [0, 3.5, 0.75, 4], "texture": "#0"},
				"west": {"uv": [0.75, 3, 1.25, 3.5], "texture": "#0"},
				"up": {"uv": [1.5, 3, 2.25, 3.5], "texture": "#0"},
				"down": {"uv": [1, 3, 1.75, 3.5], "texture": "#0"}
			}
		},
		{
			"from": [10, 8, -3],
			"to": [11, 9, -2],
			"rotation": {"angle": 0, "axis": "y", "origin": [18, 16, 5]},
			"faces": {
				"north": {"uv": [2.75, 3.25, 2.5, 3.5], "texture": "#0"},
				"east": {"uv": [3.5, 3, 3.75, 3.5], "texture": "#0"},
				"south": {"uv": [2.25, 3.75, 2.75, 4.25], "texture": "#0"},
				"west": {"uv": [3, 3, 3.25, 3.5], "texture": "#0"},
				"up": {"uv": [3, 3.5, 3.5, 3.75], "texture": "#0"},
				"down": {"uv": [3.75, 3.5, 4.25, 3.75], "texture": "#0"}
			}
		},
		{
			"from": [3, -1, -1],
			"to": [6, 1, 1],
			"rotation": {"angle": 0, "axis": "y", "origin": [11, 7, 7]},
			"faces": {
				"north": {"uv": [10.5, 4, 11.25, 4.5], "texture": "#0"},
				"east": {"uv": [11.25, 4.5, 11.75, 5], "texture": "#0"},
				"south": {"uv": [10.5, 4, 11.25, 4.5], "texture": "#0"},
				"west": {"uv": [11.25, 4, 11.75, 4.5], "texture": "#0"},
				"up": {"uv": [10.5, 4.5, 11.25, 5], "texture": "#0"},
				"down": {"uv": [10.5, 5, 11.25, 5.5], "texture": "#0"}
			}
		},
		{
			"from": [10, -1, -1],
			"to": [13, 1, 1],
			"rotation": {"angle": 0, "axis": "y", "origin": [18, 7, 7]},
			"faces": {
				"north": {"uv": [10.5, 5.5, 11.25, 6], "texture": "#0"},
				"east": {"uv": [11.25, 6, 11.75, 6.5], "texture": "#0"},
				"south": {"uv": [10.5, 5.5, 11.25, 6], "texture": "#0"},
				"west": {"uv": [11.25, 5.5, 11.75, 6], "texture": "#0"},
				"up": {"uv": [10.5, 6, 11.25, 6.5], "texture": "#0"},
				"down": {"uv": [10.5, 6.5, 11.25, 7], "texture": "#0"}
			}
		},
		{
			"from": [7, 4, 14],
			"to": [9, 6, 22],
			"rotation": {"angle": 22.5, "axis": "x", "origin": [8, 5, 14]},
			"faces": {
				"north": {"uv": [3.75, 4.5, 4.25, 5], "texture": "#0"},
				"east": {"uv": [3.75, 4, 5.75, 4.5], "texture": "#0"},
				"south": {"uv": [4.25, 4.75, 4.75, 5.25], "texture": "#0"},
				"west": {"uv": [3.75, 3.5, 5.75, 4], "texture": "#0"},
				"up": {"uv": [4.75, 4.5, 5.25, 6.5], "texture": "#0"},
				"down": {"uv": [5.25, 4.5, 5.75, 6.5], "texture": "#0"}
			}
		},
		{
			"from": [7, 1, 20],
			"to": [9, 3, 28],
			"rotation": {"angle": -22.5, "axis": "x", "origin": [8, 2, 20]},
			"faces": {
				"north": {"uv": [5.75, 6, 6.25, 6.5], "texture": "#0"},
				"east": {"uv": [6.5, 7, 8.5, 7.5], "texture": "#0"},
				"south": {"uv": [6.25, 6, 6.75, 6.5], "texture": "#0"},
				"west": {"uv": [6.5, 6.5, 8.5, 7], "texture": "#0"},
				"up": {"uv": [5.75, 4, 6.25, 6], "texture": "#0"},
				"down": {"uv": [6.25, 4, 6.75, 6], "texture": "#0"}
			}
		},
		{
			"from": [9, 1, 13],
			"to": [12, 4, 18],
			"rotation": {"angle": 45, "axis": "x", "origin": [11, 2, 13]},
			"faces": {
				"north": {"uv": [8.5, 4, 9.25, 4.75], "texture": "#0"},
				"east": {"uv": [9.25, 4.75, 10.5, 5.5], "texture": "#0"},
				"south": {"uv": [8.5, 4.75, 9.25, 5.5], "texture": "#0"},
				"west": {"uv": [9.25, 4, 10.5, 4.75], "texture": "#0"},
				"up": {"uv": [7, 4, 7.75, 5.25], "texture": "#0"},
				"down": {"uv": [7.75, 4, 8.5, 5.25], "texture": "#0"}
			}
		},
		{
			"from": [4, 1, 13],
			"to": [7, 4, 18],
			"rotation": {"angle": 45, "axis": "x", "origin": [6, 2, 13]},
			"faces": {
				"north": {"uv": [8.5, 5.5, 9.25, 6.25], "texture": "#0"},
				"east": {"uv": [9.25, 6.25, 10.5, 7], "texture": "#0"},
				"south": {"uv": [8.5, 6.25, 9.25, 7], "texture": "#0"},
				"west": {"uv": [9.25, 5.5, 10.5, 6.25], "texture": "#0"},
				"up": {"uv": [7, 5.25, 7.75, 6.5], "texture": "#0"},
				"down": {"uv": [7.75, 5.25, 8.5, 6.5], "texture": "#0"}
			}
		},
		{
			"from": [2, 1, -3],
			"to": [4, 3, -3],
			"rotation": {"angle": 0, "axis": "y", "origin": [11, 9, 5]},
			"faces": {
				"north": {"uv": [14.25, 0, 14.75, 0.75], "texture": "#0"},
				"east": {"uv": [0, 0, 0, 0.75], "texture": "#0"},
				"south": {"uv": [14.75, 0, 14.25, 0.75], "texture": "#0"},
				"west": {"uv": [0, 0, 0, 0.75], "texture": "#0"},
				"up": {"uv": [0, 0, 1, 0], "texture": "#0"},
				"down": {"uv": [0, 0, 1, 0], "texture": "#0"}
			}
		},
		{
			"from": [12, 1, -3],
			"to": [14, 3, -3],
			"rotation": {"angle": 0, "axis": "y", "origin": [21, 9, 5]},
			"faces": {
				"north": {"uv": [14.25, 0, 14.75, 0.75], "texture": "#0"},
				"east": {"uv": [0, 0, 0, 0.75], "texture": "#0"},
				"south": {"uv": [14.75, 0, 14.25, 0.75], "texture": "#0"},
				"west": {"uv": [0, 0, 0, 0.75], "texture": "#0"},
				"up": {"uv": [0, 0, 1, 0], "texture": "#0"},
				"down": {"uv": [0, 0, 1, 0], "texture": "#0"}
			}
		}
	],
	"display": {
		"thirdperson_righthand": {
			"rotation": [92, 0, 0],
			"translation": [0, -2, 0.75],
			"scale": [0.5, 0.5, 0.5]
		},
		"thirdperson_lefthand": {
			"rotation": [92, 0, 0],
			"translation": [0, -2, 0.75],
			"scale": [0.5, 0.5, 0.5]
		},
		"ground": {
			"translation": [0, 2.5, 0]
		},
		"gui": {
			"rotation": [0, -147, 0],
			"translation": [0, 2.75, 0],
			"scale": [0.6, 0.6, 0.6]
		},
		"head": {
			"translation": [0, 14, 0.5],
			"scale": [0.85, 0.85, 0.85]
		}
	},
	"groups": [0, 1,
		{
			"name": "ears",
			"origin": [13, 16, 5],
			"children": [2, 3, 4, 5, 6, 7]
		},
		{
			"name": "forelegs",
			"origin": [18, 7, 7],
			"children": [8, 9]
		},
		{
			"name": "tail",
			"origin": [8, 5, 14],
			"children": [10, 11]
		},
		{
			"name": "hindlegs",
			"origin": [6, 2, 13],
			"children": [12, 13]
		}, 14, 15]
}