{
	"credit": "Made with Blockbench",
	"textures": {
		"0": "custom/vanity/cat_ears/mewtiplexer_ear",
		"particle": "custom/vanity/cat_ears/mewtiplexer_ear"
	},
	"elements": [
		{
			"from": [2, 5, 4],
			"to": [7, 8, 6],
			"rotation": {"angle": 22.5, "axis": "y", "origin": [11, 8, 12]},
			"faces": {
				"north": {"uv": [2, 2, 7, 5], "texture": "#0"},
				"east": {"uv": [7, 2, 9, 5], "texture": "#0"},
				"south": {"uv": [9, 2, 14, 5], "texture": "#0"},
				"west": {"uv": [0, 2, 2, 5], "texture": "#0"},
				"up": {"uv": [2, 0, 7, 2], "texture": "#0"},
				"down": {"uv": [7, 0, 12, 2], "texture": "#0"}
			}
		},
		{
			"from": [3, 8, 4],
			"to": [6, 10, 5],
			"rotation": {"angle": 22.5, "axis": "y", "origin": [12, 12, 12]},
			"faces": {
				"north": {"uv": [13, 5, 16, 7], "texture": "#0"},
				"east": {"uv": [15, 7, 16, 9], "texture": "#0"},
				"south": {"uv": [12, 7, 15, 9], "texture": "#0"},
				"west": {"uv": [12, 5, 13, 7], "texture": "#0"},
				"up": {"uv": [12, 9, 15, 10], "texture": "#0"},
				"down": {"uv": [12, 10, 15, 11], "texture": "#0"}
			}
		},
		{
			"from": [1, 0, 4],
			"to": [8, 5, 7],
			"rotation": {"angle": 22.5, "axis": "y", "origin": [11, 4, 12]},
			"faces": {
				"north": {"uv": [3, 5, 9, 10], "texture": "#0"},
				"east": {"uv": [9, 5, 12, 10], "texture": "#0"},
				"south": {"uv": [0, 10, 6, 15], "texture": "#0"},
				"west": {"uv": [0, 5, 3, 10], "texture": "#0"},
				"up": {"uv": [6, 10, 12, 13], "texture": "#0"},
				"down": {"uv": [6, 13, 12, 16], "texture": "#0"}
			}
		},
		{
			"from": [9, 5, 4],
			"to": [14, 8, 6],
			"rotation": {"angle": -22.5, "axis": "y", "origin": [5, 8, 12]},
			"faces": {
				"north": {"uv": [7, 2, 2, 5], "texture": "#0"},
				"east": {"uv": [2, 2, 0, 5], "texture": "#0"},
				"south": {"uv": [14, 2, 9, 5], "texture": "#0"},
				"west": {"uv": [9, 2, 7, 5], "texture": "#0"},
				"up": {"uv": [7, 0, 2, 2], "texture": "#0"},
				"down": {"uv": [12, 0, 7, 2], "texture": "#0"}
			}
		},
		{
			"from": [10, 8, 4],
			"to": [13, 10, 5],
			"rotation": {"angle": -22.5, "axis": "y", "origin": [4, 12, 12]},
			"faces": {
				"north": {"uv": [16, 5, 13, 7], "texture": "#0"},
				"east": {"uv": [13, 5, 12, 7], "texture": "#0"},
				"south": {"uv": [15, 7, 12, 9], "texture": "#0"},
				"west": {"uv": [16, 7, 15, 9], "texture": "#0"},
				"up": {"uv": [15, 9, 12, 10], "texture": "#0"},
				"down": {"uv": [15, 10, 12, 11], "texture": "#0"}
			}
		},
		{
			"from": [8, 0, 4],
			"to": [15, 5, 7],
			"rotation": {"angle": -22.5, "axis": "y", "origin": [5, 4, 12]},
			"faces": {
				"north": {"uv": [9, 5, 3, 10], "texture": "#0"},
				"east": {"uv": [3, 5, 0, 10], "texture": "#0"},
				"south": {"uv": [6, 10, 0, 15], "texture": "#0"},
				"west": {"uv": [12, 5, 9, 10], "texture": "#0"},
				"up": {"uv": [12, 10, 6, 13], "texture": "#0"},
				"down": {"uv": [12, 13, 6, 16], "texture": "#0"}
			}
		}
	],
	"display": {
		"thirdperson_righthand": {
			"rotation": [0, 131, 0],
			"translation": [-2, 1.75, -2.25],
			"scale": [0.4, 0.4, 0.4]
		},
		"gui": {
			"rotation": [0, -180, 0],
			"translation": [0, 3, 0],
			"scale": [0.8, 0.8, 0.8]
		},
		"head": {
			"translation": [0, 12, 0],
			"scale": [0.9, 0.9, 0.9]
		},
		"fixed": {
			"rotation": [-9, 0, 0],
			"translation": [0, 3.25, -1.75]
		}
	},
	"groups": [
		{
			"name": "group",
			"origin": [8, 4, 15],
			"children": [0, 1, 2]
		},
		{
			"name": "group",
			"origin": [8, 4, 15],
			"children": [3, 4, 5]
		}
	]
}