{
	"credit": "Made with Blockbench",
	"textures": {
		"0": "custom/vanity/cheese_hat/cheese",
		"particle": "custom/vanity/cheese_hat/cheese"
	},
	"elements": [
		{
			"from": [0, 0, 8],
			"to": [16, 7, 16],
			"rotation": {"angle": 0, "axis": "y", "origin": [17, 8, 19]},
			"faces": {
				"north": {"uv": [0, 15, 16, 8], "texture": "#0"},
				"east": {"uv": [3, 3, 11, 10], "texture": "#0"},
				"south": {"uv": [0, 9, 16, 16], "texture": "#0"},
				"west": {"uv": [5, 5, 13, 12], "texture": "#0"},
				"up": {"uv": [0, 0, 16, 8], "texture": "#0"},
				"down": {"uv": [0, 0, 16, 8], "texture": "#0"}
			}
		},
		{
			"from": [1, 0, 3],
			"to": [15, 7, 8],
			"rotation": {"angle": 0, "axis": "y", "origin": [17, 8, 12]},
			"faces": {
				"north": {"uv": [1, 9, 15, 16], "texture": "#0"},
				"east": {"uv": [3, 0, 8, 7], "texture": "#0"},
				"south": {"uv": [0, 0, 14, 7], "texture": "#0"},
				"west": {"uv": [8, 2, 13, 9], "texture": "#0"},
				"up": {"uv": [0, 4, 14, 9], "texture": "#0"},
				"down": {"uv": [2, 2, 16, 7], "texture": "#0"}
			}
		},
		{
			"from": [3, 0, -1],
			"to": [13, 7, 3],
			"rotation": {"angle": 0, "axis": "y", "origin": [17, 8, 7]},
			"faces": {
				"north": {"uv": [3, 12, 13, 5], "texture": "#0"},
				"east": {"uv": [10, 5, 14, 12], "texture": "#0"},
				"south": {"uv": [0, 0, 10, 7], "texture": "#0"},
				"west": {"uv": [9, 9, 13, 16], "texture": "#0"},
				"up": {"uv": [3, 11, 13, 15], "texture": "#0"},
				"down": {"uv": [14, 3, 4, 7], "texture": "#0"}
			}
		},
		{
			"from": [5, 0, -4],
			"to": [11, 7, -1],
			"rotation": {"angle": 0, "axis": "y", "origin": [17, 8, 3]},
			"faces": {
				"north": {"uv": [7, 2, 13, 9], "texture": "#0"},
				"east": {"uv": [6, 1, 10, 8], "texture": "#0"},
				"south": {"uv": [0, 0, 10, 7], "texture": "#0"},
				"west": {"uv": [10, 5, 14, 12], "texture": "#0"},
				"up": {"uv": [5, 8, 11, 11], "texture": "#0"},
				"down": {"uv": [9, 13, 3, 16], "texture": "#0"}
			}
		}
	],
	"display": {
		"thirdperson_righthand": {
			"rotation": [0, 0, -41],
			"translation": [2.25, 1, -2.75],
			"scale": [0.45, 0.45, 0.45]
		},
		"ground": {
			"scale": [0.9, 0.9, 0.89]
		},
		"gui": {
			"rotation": [90, 0, 0],
			"translation": [0, -1.25, 0],
			"scale": [0.75, 0.75, 0.75]
		},
		"head": {
			"rotation": [7, 0, 0],
			"translation": [0, 9.25, 1],
			"scale": [1.3, 1.3, 1.3]
		},
		"fixed": {
			"rotation": [90, 0, 0],
			"translation": [0, -1.75, 0],
			"scale": [0.9, 0.9, 0.9]
		}
	}
}