{
	"parent": "minecraft:item/template_shulker_box",
	"textures": {
		"particle": "minecraft:block/red_shulker_box"
	},
	"overrides": [
		{
			"predicate": {
				"custom_model_data": 32768
			},
			"model": "item/vanity/invisible"
		},
		{
			"predicate": {
				"custom_model_data": 32769
			},
			"model": "item/vanity/cat_ears"
		},
		{
			"predicate": {
				"custom_model_data": 32770
			},
			"model": "item/vanity/cheese_hat"
		},
		{
			"predicate": {
				"custom_model_data": 32771
			},
			"model": "item/vanity/cat_hat"
		},
		{
			"predicate": {
				"custom_model_data": 32772
			},
			"model": "item/vanity/loaf_hat"
		}
	]
}
